{
    "prey_population": [
        15,
        15,
        15,
        15,
        20,
        24,
        26,
        29,
        29,
        32,
        37
    ],
    "predator_population": [
        3,
        3,
        3,
        3,
        3,
        3,
        3,
        3,
        3,
        2,
        1
    ],
    "hunting_success_rate": [
        0.0,
        0.0,
        0.0,
        0.0,
        0.0,
        0.0,
        0.0,
        0.0,
        0.0,
        0.0,
        0.0
    ],
    "territory_changes": [
        43.2,
        54.96,
        55.66400000000001,
        68.6376,
        64.05384000000001,
        67.128456,
        60.41561040000001,
        54.374049360000015,
        54.93664442400001,
        58.7063799816,
        61.47333862744001
    ],
    "final_populations": {
        "prey": 37,
        "predators": 1
    },
    "average_hunting_success": 0.0,
    "simulation_length": 11
}